source,query_id,passage_num,doc_idx,is_gt_doc,doc_type,logprob_degradation,fact_degradation,layer_0_drift,layer_16_drift,layer_32_drift,is_causally_important,baseline_fact_score,baseline_correct,baseline_logprob,is_positive_doc,category
sweep,0,3.0,0,False,counter-factual,-34.125,-1,0.0,1.5219205358503076,19.19018348676043,True,0,False,-25.125,,factuality-disrupting
sweep,0,3.0,1,False,counter-factual,-49.875,-1,0.0,1.5406999323966026,19.986024013842904,True,0,False,-25.125,,factuality-disrupting
sweep,0,3.0,2,True,ground-truth,-2.375,0,0.0,0.9615776618579628,8.630200312131935,True,0,False,-25.125,,confidence-only
sweep,1,3.0,0,True,ground-truth,-2.1875,0,0.0,0.8860259197425872,14.786438025494148,True,0,False,-11.3125,,confidence-only
sweep,1,3.0,1,False,counter-factual,-31.4375,-1,0.0,1.6698658165802829,25.00545914262972,True,0,False,-11.3125,,factuality-disrupting
sweep,1,3.0,2,False,counter-factual,-27.6875,0,0.0,1.4274602340616989,18.710406720927544,True,0,False,-11.3125,,confidence-only
sweep,2,3.0,0,False,counter-factual,-2.1953125,0,0.0,2.578818193493272,24.59289341725909,True,0,False,-0.4453125,,confidence-only
sweep,2,3.0,1,False,counter-factual,-0.0546875,0,0.0,1.3197522701100364,13.3892068404313,False,0,False,-0.4453125,,neutral
sweep,2,3.0,2,True,ground-truth,-0.1953125,0,0.0,1.7442130830237634,13.722920444152209,False,0,False,-0.4453125,,neutral
sweep,3,3.0,0,True,ground-truth,0.0859375,0,0.0,1.4734768689082662,12.060472243796182,False,0,False,-1.375,,neutral
sweep,3,3.0,1,False,counter-factual,0.0625,0,0.0,1.390977780627174,12.562159443184717,False,0,False,-1.375,,neutral
sweep,3,3.0,2,False,counter-factual,0.8046875,0,0.0,1.7602351323983254,18.514884501007774,False,0,False,-1.375,,neutral
sweep,4,3.0,0,True,ground-truth,-25.125,1,0.0,1.3172043949025538,13.40638639933636,True,1,True,-13.125,,factuality-critical
sweep,4,3.0,1,False,counter-factual,-3.625,1,0.0,1.343495421959247,10.52480069807739,True,1,True,-13.125,,factuality-critical
sweep,4,3.0,2,False,counter-factual,-47.625,0,0.0,1.493616790986849,16.31810469398678,True,1,True,-13.125,,confidence-only
sweep,5,3.0,0,False,counter-factual,-18.625,0,0.0,1.282497263576508,15.0701914010465,True,0,False,-18.875,,confidence-only
sweep,5,3.0,1,True,ground-truth,-10.75,0,0.0,1.404152348064375,15.879436882640416,True,0,False,-18.875,,confidence-only
sweep,5,3.0,2,False,counter-factual,-40.125,-1,0.0,1.473213330695165,18.686820661774547,True,0,False,-18.875,,factuality-disrupting
sweep,6,3.0,0,False,counter-factual,3.40625,0,0.0,1.3493963711721748,14.072192044044073,False,1,True,-7.65625,,neutral
sweep,6,3.0,1,False,counter-factual,1.71875,0,0.0,0.7063220127764871,8.309835475235076,False,1,True,-7.65625,,neutral
sweep,6,3.0,2,True,ground-truth,-15.21875,1,0.0,1.9809525815194573,23.931408257005625,True,1,True,-7.65625,,factuality-critical
sweep,7,3.0,0,True,ground-truth,-35.8125,1,0.0,2.160660435090392,22.61719087205609,True,1,True,-8.9375,,factuality-critical
sweep,7,3.0,1,False,counter-factual,-8.6875,1,0.0,1.807977390976912,16.50841341002828,True,1,True,-8.9375,,factuality-critical
sweep,7,3.0,2,False,counter-factual,-12.5625,0,0.0,1.1793322569782785,10.8218258330007,True,1,True,-8.9375,,confidence-only
sweep,8,3.0,0,False,counter-factual,-3.78125,0,0.0,1.1594714910242954,12.914978800066434,True,0,False,-6.03125,,confidence-only
sweep,8,3.0,1,True,ground-truth,-2.21875,0,0.0,1.371911659081373,13.65550035098119,True,0,False,-6.03125,,confidence-only
sweep,8,3.0,2,False,counter-factual,-36.46875,0,0.0,2.894355491081257,34.87219859887872,True,0,False,-6.03125,,confidence-only
sweep,9,3.0,0,True,ground-truth,0.390625,0,0.0,1.8511192814781257,19.753213644309163,False,0,False,-0.6640625,,neutral
sweep,9,3.0,1,False,counter-factual,-0.765625,0,0.0,2.020263862446677,15.575366451565069,False,0,False,-0.6640625,,neutral
sweep,9,3.0,2,False,counter-factual,-2.7421875,0,0.0,2.1452163161311875,22.159301051871203,True,0,False,-0.6640625,,confidence-only
sweep,0,5.0,0,False,counter-factual,0.5,-1,0.0,0.6239766073858717,5.776257003610541,True,0,False,-16.5,,factuality-weak
sweep,0,5.0,1,False,counter-factual,-22.25,0,0.0,0.8450066462039537,10.796668344440914,True,0,False,-16.5,,confidence-only
sweep,0,5.0,2,False,counter-factual,-36.0,0,0.0,1.2225873913715866,14.174725388887278,True,0,False,-16.5,,confidence-only
sweep,0,5.0,3,True,ground-truth,-1.375,0,0.0,0.8964255738970025,6.7226132850921765,False,0,False,-16.5,,neutral
sweep,0,5.0,4,False,counter-factual,-22.25,0,0.0,1.0961838778122068,12.011643897976478,True,0,False,-16.5,,confidence-only
sweep,1,5.0,0,False,counter-factual,0.8125,1,0.0,1.021237297601038,12.69937317440841,True,1,True,-8.625,,fact-only
sweep,1,5.0,1,True,ground-truth,-2.75,1,0.0,0.6073225951132997,9.912265890021516,True,1,True,-8.625,,factuality-critical
sweep,1,5.0,2,False,counter-factual,-0.3125,0,0.0,0.8145238363804863,13.170335402846847,False,1,True,-8.625,,neutral
sweep,1,5.0,3,False,counter-factual,-7.875,0,0.0,0.9897259833823484,15.135429108322164,True,1,True,-8.625,,confidence-only
sweep,1,5.0,4,False,counter-factual,-20.0,1,0.0,0.8667785641542983,18.74309452834598,True,1,True,-8.625,,factuality-critical
sweep,2,5.0,0,False,counter-factual,-2.1953125,0,0.0,2.578818193493272,24.59289341725909,True,0,False,-0.4453125,,confidence-only
sweep,2,5.0,1,False,counter-factual,-0.0546875,0,0.0,1.3197522701100364,13.3892068404313,False,0,False,-0.4453125,,neutral
sweep,2,5.0,2,True,ground-truth,-0.1953125,0,0.0,1.7442130830237634,13.722920444152209,False,0,False,-0.4453125,,neutral
sweep,3,5.0,0,False,counter-factual,-1.09375,0,0.0,1.8980675909349405,15.93216746609152,False,0,False,-6.4375,,neutral
sweep,3,5.0,1,True,ground-truth,1.9375,-1,0.0,0.5899075056202983,8.789324507414783,True,0,False,-6.4375,,factuality-weak
sweep,3,5.0,2,False,counter-factual,-0.84375,0,0.0,1.0485047182661231,12.511263507874942,False,0,False,-6.4375,,neutral
sweep,3,5.0,3,False,counter-factual,-3.0,-1,0.0,0.9863915373101864,9.031628684458523,True,0,False,-6.4375,,factuality-disrupting
sweep,3,5.0,4,False,counter-factual,-0.09375,-1,0.0,0.707414967851093,8.301537712504535,True,0,False,-6.4375,,factuality-weak
sweep,4,5.0,0,False,counter-factual,-29.0625,0,0.0,1.3991181866069964,12.213880099447302,True,1,True,-10.4375,,confidence-only
sweep,4,5.0,1,False,counter-factual,-26.5625,0,0.0,0.8453448808710616,8.396611671016347,True,1,True,-10.4375,,confidence-only
sweep,4,5.0,2,True,ground-truth,-24.8125,1,0.0,0.8171988954312294,8.605567611991507,True,1,True,-10.4375,,factuality-critical
sweep,4,5.0,3,False,counter-factual,-27.0625,0,0.0,1.3917394394490532,12.472693179771932,True,1,True,-10.4375,,confidence-only
sweep,5,5.0,0,False,counter-factual,-0.22265625,0,0.0,1.44116180581621,11.443675105846054,False,0,False,-0.72265625,,neutral
sweep,5,5.0,1,True,ground-truth,-0.02734375,0,0.0,1.4111092882927485,10.321465610110078,False,0,False,-0.72265625,,neutral
sweep,5,5.0,2,False,counter-factual,-0.20703125,0,0.0,0.6028945005384189,7.160436031340163,False,0,False,-0.72265625,,neutral
sweep,5,5.0,3,False,counter-factual,-0.01953125,0,0.0,1.425289326907646,10.696586285557608,False,0,False,-0.72265625,,neutral
sweep,5,5.0,4,False,counter-factual,0.015625,0,0.0,1.2817724123047527,8.912182400202218,False,0,False,-0.72265625,,neutral
sweep,6,5.0,0,False,counter-factual,-11.0625,0,0.0,1.0394791977826086,10.344906615034107,True,1,True,-11.8125,,confidence-only
sweep,6,5.0,1,False,counter-factual,-1.5,0,0.0,0.5265079715961107,6.015824482995642,False,1,True,-11.8125,,neutral
sweep,6,5.0,2,True,ground-truth,-36.1875,1,0.0,1.8994344524147515,21.77496141229158,True,1,True,-11.8125,,factuality-critical
sweep,7,5.0,0,False,counter-factual,0.0625,-1,0.0,2.0038472708819683,15.21384138042641,True,0,False,-3.125,,factuality-weak
sweep,7,5.0,1,True,ground-truth,-0.125,0,0.0,1.1678159108469273,12.564705474099668,False,0,False,-3.125,,neutral
sweep,7,5.0,2,False,counter-factual,-20.0,-1,0.0,1.69817053388882,21.437064264682643,True,0,False,-3.125,,factuality-disrupting
sweep,7,5.0,3,False,counter-factual,-1.28125,0,0.0,1.0987191076604326,10.77442721501108,False,0,False,-3.125,,neutral
sweep,7,5.0,4,False,counter-factual,-0.71875,-1,0.0,1.271699123128455,8.300105306479189,True,0,False,-3.125,,factuality-weak
sweep,8,5.0,0,False,counter-factual,-1.25,0,0.0,1.440457083473919,16.30196304641199,False,0,False,-4.3125,,neutral
sweep,8,5.0,1,True,ground-truth,0.703125,0,0.0,0.5909765138800914,6.902947082691731,False,0,False,-4.3125,,neutral
sweep,8,5.0,2,False,counter-factual,-0.125,0,0.0,0.4718041507477081,5.4067559928164455,False,0,False,-4.3125,,neutral
sweep,8,5.0,3,False,counter-factual,-0.3125,0,0.0,0.5792878895322773,6.534720154660058,False,0,False,-4.3125,,neutral
sweep,8,5.0,4,False,counter-factual,-19.3125,0,0.0,1.5688426443912558,14.280011621237357,True,0,False,-4.3125,,confidence-only
sweep,9,5.0,0,False,counter-factual,0.5859375,0,0.0,1.86811436511172,16.613052562895064,False,0,False,-0.99609375,,neutral
sweep,9,5.0,1,False,counter-factual,0.1484375,0,0.0,0.6030649888397366,9.405189848398232,False,0,False,-0.99609375,,neutral
sweep,9,5.0,2,True,ground-truth,-4.19140625,0,0.0,0.6915451542260137,11.269236948553871,True,0,False,-0.99609375,,confidence-only
sweep,9,5.0,3,False,counter-factual,-0.92578125,-1,0.0,2.17530530281213,20.09088464761556,True,0,False,-0.99609375,,factuality-weak
sweep,0,7.0,0,False,counter-factual,-10.25,0,0.0,0.912254945178211,8.94880776756045,True,0,False,-28.0,,confidence-only
sweep,0,7.0,1,False,counter-factual,-18.0,0,0.0,0.8904745440827595,9.998470758776683,True,0,False,-28.0,,confidence-only
sweep,0,7.0,2,False,counter-factual,-22.25,0,0.0,0.8566951310936827,11.199872086507222,True,0,False,-28.0,,confidence-only
sweep,0,7.0,3,False,counter-factual,0.375,0,0.0,0.3098671330163146,4.283823101533421,False,0,False,-28.0,,neutral
sweep,0,7.0,4,True,ground-truth,-0.625,0,0.0,0.6018783623903704,6.564825900926762,False,0,False,-28.0,,neutral
sweep,0,7.0,5,False,counter-factual,1.0,0,0.0,0.605199974194529,6.388666246959049,False,0,False,-28.0,,neutral
sweep,1,7.0,0,False,counter-factual,-0.1875,0,0.0,1.1887502381197577,11.91881000226669,False,0,False,-8.0,,neutral
sweep,1,7.0,1,False,counter-factual,-12.0,-1,0.0,1.442496795856356,13.17651997253347,True,0,False,-8.0,,factuality-disrupting
sweep,1,7.0,2,False,counter-factual,-1.5,0,0.0,0.6790671053890741,10.522073419758884,False,0,False,-8.0,,neutral
sweep,1,7.0,3,False,counter-factual,-0.75,0,0.0,0.7256884196358454,8.861481767780532,False,0,False,-8.0,,neutral
sweep,1,7.0,4,False,counter-factual,0.03125,-1,0.0,0.697133453646061,10.460319108904407,True,0,False,-8.0,,factuality-weak
sweep,1,7.0,5,True,ground-truth,-0.125,0,0.0,0.4859515274407893,7.679970073100187,False,0,False,-8.0,,neutral
sweep,1,7.0,6,False,counter-factual,-3.0,-1,0.0,0.8246883503228912,8.458159947599475,True,0,False,-8.0,,factuality-disrupting
sweep,2,7.0,0,False,counter-factual,-2.1953125,0,0.0,2.578818193493272,24.59289341725909,True,0,False,-0.4453125,,confidence-only
sweep,2,7.0,1,False,counter-factual,-0.0546875,0,0.0,1.3197522701100364,13.3892068404313,False,0,False,-0.4453125,,neutral
sweep,2,7.0,2,True,ground-truth,-0.1953125,0,0.0,1.7442130830237634,13.722920444152209,False,0,False,-0.4453125,,neutral
sweep,3,7.0,0,False,counter-factual,-0.328125,0,0.0,1.430176812175554,9.470151246278574,False,0,False,-3.28125,,neutral
sweep,3,7.0,1,False,counter-factual,-0.09375,0,0.0,0.7268342411637887,7.055605242557009,False,0,False,-3.28125,,neutral
sweep,3,7.0,2,False,counter-factual,0.046875,0,0.0,0.9245881087368842,10.503484253343736,False,0,False,-3.28125,,neutral
sweep,3,7.0,3,False,counter-factual,-1.0,0,0.0,0.8479982874127061,8.723491429681793,False,0,False,-3.28125,,neutral
sweep,3,7.0,4,False,counter-factual,-0.265625,0,0.0,0.6029107785505984,6.106761384326993,False,0,False,-3.28125,,neutral
sweep,3,7.0,5,True,ground-truth,-0.171875,0,0.0,0.4799203713355546,7.205220301525213,False,0,False,-3.28125,,neutral
sweep,3,7.0,6,False,counter-factual,-0.328125,0,0.0,0.7008961440487474,9.14125134154173,False,0,False,-3.28125,,neutral
sweep,4,7.0,0,False,counter-factual,-4.1875,1,0.0,1.4982917916445255,11.855086300861172,True,1,True,-10.6875,,factuality-critical
sweep,4,7.0,1,False,counter-factual,-28.5625,0,0.0,1.1354904624605044,12.653162355280507,True,1,True,-10.6875,,confidence-only
sweep,4,7.0,2,True,ground-truth,-27.3125,1,0.0,1.1804045995983172,13.138624939590926,True,1,True,-10.6875,,factuality-critical
sweep,4,7.0,3,False,counter-factual,-34.0625,0,0.0,1.6445268709815617,15.793290032585425,True,1,True,-10.6875,,confidence-only
sweep,5,7.0,0,False,counter-factual,0.17578125,0,0.0,1.2699493919533869,9.496328191393069,False,0,False,-1.015625,,neutral
sweep,5,7.0,1,False,counter-factual,0.0234375,0,0.0,1.2461855166937128,8.76013412157628,False,0,False,-1.015625,,neutral
sweep,5,7.0,2,False,counter-factual,0.16015625,0,0.0,0.5038199938446318,5.306282439246413,False,0,False,-1.015625,,neutral
sweep,5,7.0,3,False,counter-factual,0.32421875,0,0.0,1.2428092570921854,9.050670771213936,False,0,False,-1.015625,,neutral
sweep,5,7.0,4,False,counter-factual,-0.09375,-1,0.0,1.2448482412031656,8.33011570550463,True,0,False,-1.015625,,factuality-weak
sweep,5,7.0,5,True,ground-truth,-0.203125,0,0.0,1.2423930613029073,7.949476975144291,False,0,False,-1.015625,,neutral
sweep,5,7.0,6,False,counter-factual,-0.0234375,-1,0.0,0.48566103886982,6.240201817941391,True,0,False,-1.015625,,factuality-weak
sweep,6,7.0,0,False,counter-factual,-9.9375,0,0.0,1.0773904006891708,10.14933040766548,True,1,True,-8.9375,,confidence-only
sweep,6,7.0,1,False,counter-factual,-2.125,1,0.0,0.5764809596105365,6.340683842454995,True,1,True,-8.9375,,factuality-critical
sweep,6,7.0,2,True,ground-truth,-31.8125,1,0.0,2.0356136473934403,22.872938531052267,True,1,True,-8.9375,,factuality-critical
sweep,7,7.0,0,False,counter-factual,-0.21875,0,0.0,1.142532309726703,9.105437464636395,False,0,False,-4.15625,,neutral
sweep,7,7.0,1,False,counter-factual,0.859375,0,0.0,0.8668056495764271,9.77155967110652,False,0,False,-4.15625,,neutral
sweep,7,7.0,2,False,counter-factual,-18.84375,0,0.0,1.1567666967834818,14.813923903240886,True,0,False,-4.15625,,confidence-only
sweep,7,7.0,3,False,counter-factual,-1.71875,-1,0.0,0.539993984965915,5.879001460018046,True,0,False,-4.15625,,factuality-weak
sweep,7,7.0,4,False,counter-factual,0.625,-1,0.0,0.8336599421295432,10.115068783420012,True,0,False,-4.15625,,factuality-weak
sweep,7,7.0,5,True,ground-truth,0.25,0,0.0,0.7007698947155021,7.571178551208503,False,0,False,-4.15625,,neutral
sweep,7,7.0,6,False,counter-factual,1.34375,0,0.0,0.8471779098841106,9.167867494970643,False,0,False,-4.15625,,neutral
sweep,8,7.0,0,False,counter-factual,0.25,0,0.0,1.2417957812499445,15.190276478300296,False,0,False,-7.0,,neutral
sweep,8,7.0,1,False,counter-factual,-0.28125,0,0.0,0.7963779040364171,9.71463838880613,False,0,False,-7.0,,neutral
sweep,8,7.0,2,False,counter-factual,0.0,0,0.0,0.3618106438236309,5.459541157599691,False,0,False,-7.0,,neutral
sweep,8,7.0,3,False,counter-factual,-0.375,0,0.0,0.3367241473947602,5.221160038925913,False,0,False,-7.0,,neutral
sweep,8,7.0,4,False,counter-factual,-0.5,0,0.0,0.434395105948797,5.467308018512752,False,0,False,-7.0,,neutral
sweep,8,7.0,5,True,ground-truth,-0.78125,0,0.0,0.4217838429674104,5.298990054818818,False,0,False,-7.0,,neutral
sweep,8,7.0,6,False,counter-factual,-3.3125,0,0.0,0.735838020102912,8.76454818750012,True,0,False,-7.0,,confidence-only
sweep,9,7.0,0,False,counter-factual,-17.03125,0,0.0,2.2542930710602445,25.726150419097277,True,0,False,-7.09375,,confidence-only
sweep,9,7.0,1,False,counter-factual,0.0625,0,0.0,0.6707476018557611,10.115503843848906,False,0,False,-7.09375,,neutral
sweep,9,7.0,2,True,ground-truth,0.375,0,0.0,0.6590076617280939,10.483867793517716,False,0,False,-7.09375,,neutral
sweep,9,7.0,3,False,counter-factual,-8.84375,-1,0.0,1.6950679537424806,15.6296930245322,True,0,False,-7.09375,,factuality-disrupting
sweep,0,10.0,0,False,counter-factual,-0.40625,0,0.0,0.7547403083522387,9.290359892287492,False,0,False,-1.5703125,,neutral
sweep,0,10.0,1,False,counter-factual,-0.8984375,0,0.0,1.451743409793806,10.993620718934093,False,0,False,-1.5703125,,neutral
sweep,0,10.0,2,False,counter-factual,0.25,-1,0.0,1.4205872005121212,9.42845165122647,True,0,False,-1.5703125,,factuality-weak
sweep,0,10.0,3,False,counter-factual,-0.3671875,0,0.0,0.502880641602642,6.484385851713831,False,0,False,-1.5703125,,neutral
sweep,0,10.0,4,True,ground-truth,0.203125,0,0.0,1.385511125448801,8.992270639426591,False,0,False,-1.5703125,,neutral
sweep,0,10.0,5,False,counter-factual,-0.5390625,0,0.0,1.4033253748496122,9.746479236363182,False,0,False,-1.5703125,,neutral
sweep,1,10.0,0,False,counter-factual,-10.0,1,0.0,0.8209948895769129,13.748931952035411,True,1,True,-13.0,,factuality-critical
sweep,1,10.0,1,False,counter-factual,-2.375,0,0.0,0.4899276224627539,8.793872099982202,True,1,True,-13.0,,confidence-only
sweep,1,10.0,2,False,counter-factual,0.0,1,0.0,0.4522019382147195,8.971897662860512,True,1,True,-13.0,,fact-only
sweep,1,10.0,3,False,counter-factual,-0.625,0,0.0,0.483915704066153,8.711753291196155,False,1,True,-13.0,,neutral
sweep,1,10.0,4,False,counter-factual,0.5,1,0.0,0.2578644824935848,6.354278374805872,True,1,True,-13.0,,fact-only
sweep,1,10.0,5,False,counter-factual,-2.75,0,0.0,0.4670803124614978,9.959899779657912,True,1,True,-13.0,,confidence-only
sweep,1,10.0,6,False,counter-factual,0.375,1,0.0,0.1996842904262668,3.046756071973513,True,1,True,-13.0,,fact-only
sweep,1,10.0,7,False,counter-factual,-0.3125,1,0.0,0.4494644783606156,12.830817409757188,True,1,True,-13.0,,fact-only
sweep,1,10.0,8,True,ground-truth,-1.0625,1,0.0,0.3683725338897383,6.975252900975866,True,1,True,-13.0,,fact-only
sweep,1,10.0,9,False,counter-factual,0.1875,0,0.0,0.5221418343379082,7.896343842985147,False,1,True,-13.0,,neutral
sweep,2,10.0,0,False,counter-factual,-2.1953125,0,0.0,2.578818193493272,24.59289341725909,True,0,False,-0.4453125,,confidence-only
sweep,2,10.0,1,False,counter-factual,-0.0546875,0,0.0,1.3197522701100364,13.3892068404313,False,0,False,-0.4453125,,neutral
sweep,2,10.0,2,True,ground-truth,-0.1953125,0,0.0,1.7442130830237634,13.722920444152209,False,0,False,-0.4453125,,neutral
sweep,3,10.0,0,False,counter-factual,-0.28125,0,0.0,0.9736271287102884,8.808832454542156,False,0,False,-3.125,,neutral
sweep,3,10.0,1,False,counter-factual,-0.046875,0,0.0,0.6189614785552819,6.845855681781946,False,0,False,-3.125,,neutral
sweep,3,10.0,2,False,counter-factual,0.328125,0,0.0,0.6583423862032138,7.034496571635094,False,0,False,-3.125,,neutral
sweep,3,10.0,3,False,counter-factual,0.03125,0,0.0,0.5488497148607753,5.358076803236321,False,0,False,-3.125,,neutral
sweep,3,10.0,4,False,counter-factual,-0.0625,0,0.0,0.3349403529092492,4.626109807340609,False,0,False,-3.125,,neutral
sweep,3,10.0,5,False,counter-factual,-0.203125,0,0.0,0.3145773323912382,4.11230482605231,False,0,False,-3.125,,neutral
sweep,3,10.0,6,False,counter-factual,-0.5625,0,0.0,0.7626198230407568,7.583648305467435,False,0,False,-3.125,,neutral
sweep,3,10.0,7,True,ground-truth,-0.125,0,0.0,0.3352405391817045,5.327148112278901,False,0,False,-3.125,,neutral
sweep,3,10.0,8,False,counter-factual,-0.1875,0,0.0,0.7367890810174976,8.345504440643953,False,0,False,-3.125,,neutral
sweep,3,10.0,9,False,counter-factual,-0.015625,0,0.0,0.4935607350211387,5.556971132107612,False,0,False,-3.125,,neutral
sweep,4,10.0,0,False,counter-factual,-5.875,0,0.0,1.5872400756161664,15.34371502648415,True,1,True,-19.5,,confidence-only
sweep,4,10.0,1,False,counter-factual,-1.875,0,0.0,1.1049744852355998,9.326136520569635,False,1,True,-19.5,,neutral
sweep,4,10.0,2,True,ground-truth,-21.75,1,0.0,1.257664116808837,12.595564409880776,True,1,True,-19.5,,factuality-critical
sweep,4,10.0,3,False,counter-factual,-11.125,0,0.0,1.304102705785648,13.431817827505563,True,1,True,-19.5,,confidence-only
sweep,5,10.0,0,False,counter-factual,-0.19921875,-1,0.0,1.2947748777910733,9.00285147037632,True,0,False,-0.94140625,,factuality-weak
sweep,5,10.0,1,False,counter-factual,0.19140625,0,0.0,0.4797751365441416,5.1885566545568125,False,0,False,-0.94140625,,neutral
sweep,5,10.0,2,False,counter-factual,0.2421875,0,0.0,0.466958749794333,4.820769290799802,False,0,False,-0.94140625,,neutral
sweep,5,10.0,3,False,counter-factual,-0.30078125,-1,0.0,1.2489227520538098,8.266728994866428,True,0,False,-0.94140625,,factuality-weak
sweep,5,10.0,4,False,counter-factual,0.00390625,0,0.0,1.2240579138609604,8.080056195722955,False,0,False,-0.94140625,,neutral
sweep,5,10.0,5,False,counter-factual,0.1484375,0,0.0,1.253816480005317,8.28443277769878,False,0,False,-0.94140625,,neutral
sweep,5,10.0,6,False,counter-factual,0.0078125,-1,0.0,1.2370024389795609,7.786491349593675,True,0,False,-0.94140625,,factuality-weak
sweep,5,10.0,7,True,ground-truth,-0.64453125,0,0.0,1.2180620015700103,7.666918028372217,False,0,False,-0.94140625,,neutral
sweep,5,10.0,8,False,counter-factual,-0.33984375,0,0.0,1.2564324810681258,8.143928153465401,False,0,False,-0.94140625,,neutral
sweep,5,10.0,9,False,counter-factual,-0.52734375,-1,0.0,1.265202367004551,8.45908688139969,True,0,False,-0.94140625,,factuality-weak
sweep,6,10.0,0,False,counter-factual,-8.375,0,0.0,1.0969946550998757,10.444636509290198,True,1,True,-7.625,,confidence-only
sweep,6,10.0,1,False,counter-factual,-2.1875,0,0.0,0.6048987658177695,6.853171195985165,True,1,True,-7.625,,confidence-only
sweep,6,10.0,2,True,ground-truth,-29.875,1,0.0,2.1862682996120317,24.34435834600796,True,1,True,-7.625,,factuality-critical
sweep,7,10.0,0,False,counter-factual,-0.875,0,0.0,1.030806639745157,12.98616818534571,False,0,False,-4.4375,,neutral
sweep,7,10.0,1,False,counter-factual,-0.40625,0,0.0,0.6879769105103161,6.613218668691193,False,0,False,-4.4375,,neutral
sweep,7,10.0,2,False,counter-factual,-1.0,0,0.0,0.6257671922251463,7.0595866092722686,False,0,False,-4.4375,,neutral
sweep,7,10.0,3,False,counter-factual,0.0,0,0.0,0.6305234081772265,7.696742331944637,False,0,False,-4.4375,,neutral
sweep,7,10.0,4,False,counter-factual,0.640625,0,0.0,0.8884333715230737,10.372429601031676,False,0,False,-4.4375,,neutral
sweep,7,10.0,5,False,counter-factual,-0.9375,0,0.0,0.6979141130138519,7.38880354457052,False,0,False,-4.4375,,neutral
sweep,7,10.0,6,False,counter-factual,-0.25,0,0.0,0.3510556711222205,3.43538219936392,False,0,False,-4.4375,,neutral
sweep,7,10.0,7,False,counter-factual,-0.25,0,0.0,0.4700168774136147,5.300153075995977,False,0,False,-4.4375,,neutral
sweep,7,10.0,8,True,ground-truth,0.21875,0,0.0,0.4722907993929469,4.862796834182357,False,0,False,-4.4375,,neutral
sweep,7,10.0,9,False,counter-factual,-0.75,0,0.0,0.6240845529050032,6.596268672933972,False,0,False,-4.4375,,neutral
sweep,8,10.0,0,False,counter-factual,-4.1875,0,0.0,1.163936934873709,11.465020607566789,True,0,False,-8.25,,confidence-only
sweep,8,10.0,1,False,counter-factual,-1.6875,0,0.0,0.4923486094748855,5.951835273339999,False,0,False,-8.25,,neutral
sweep,8,10.0,2,False,counter-factual,-0.875,0,0.0,0.4222618895991785,5.893797697718678,False,0,False,-8.25,,neutral
sweep,8,10.0,3,False,counter-factual,-1.0,0,0.0,0.3813219968682268,4.869568717490275,False,0,False,-8.25,,neutral
sweep,8,10.0,4,False,counter-factual,-2.0625,0,0.0,0.6202928755373519,8.046590069801965,True,0,False,-8.25,,confidence-only
sweep,8,10.0,5,False,counter-factual,-1.0,0,0.0,0.8245565567377311,8.174406205824386,False,0,False,-8.25,,neutral
sweep,8,10.0,6,False,counter-factual,-0.625,0,0.0,0.4014239533108144,4.3609242851389975,False,0,False,-8.25,,neutral
sweep,8,10.0,7,True,ground-truth,-0.9375,0,0.0,0.3918865937114141,4.30164725969428,False,0,False,-8.25,,neutral
sweep,8,10.0,8,False,counter-factual,-0.3125,0,0.0,0.3988658989296209,4.579168557271945,False,0,False,-8.25,,neutral
sweep,9,10.0,0,False,counter-factual,0.5859375,0,0.0,1.86811436511172,16.613052562895064,False,0,False,-0.99609375,,neutral
sweep,9,10.0,1,False,counter-factual,0.1484375,0,0.0,0.6030649888397366,9.405189848398232,False,0,False,-0.99609375,,neutral
sweep,9,10.0,2,True,ground-truth,-4.19140625,0,0.0,0.6915451542260137,11.269236948553871,True,0,False,-0.99609375,,confidence-only
sweep,9,10.0,3,False,counter-factual,-0.92578125,-1,0.0,2.17530530281213,20.09088464761556,True,0,False,-0.99609375,,factuality-weak
en_refine,0,,0,,unknown,-1.0,0,0.0,0.4993274432154337,5.442007526022852,False,1,True,-4.53125,,neutral
en_refine,0,,1,,unknown,0.0,0,0.0,0.3673241383989569,3.917832695083935,False,1,True,-4.53125,,neutral
en_refine,0,,2,,unknown,-0.125,0,0.0,0.296142057674978,3.9059623581686505,False,1,True,-4.53125,,neutral
en_refine,0,,3,,unknown,0.0,0,0.0,0.3529446473280948,3.334972242833339,False,1,True,-4.53125,,neutral
en_refine,0,,4,,unknown,0.0,0,0.0,0.3529446473280948,3.334972242833339,False,1,True,-4.53125,,neutral
en_refine,0,,5,,unknown,0.28125,0,0.0,0.289601759632636,3.294047595981394,False,1,True,-4.53125,,neutral
en_refine,0,,6,,unknown,0.0625,0,0.0,0.296599013468382,3.3194990555105983,False,1,True,-4.53125,,neutral
en_refine,0,,7,,unknown,0.609375,0,0.0,0.3503893681649307,3.6446103819737625,False,1,True,-4.53125,,neutral
en_refine,0,,8,,unknown,-0.09375,0,0.0,0.1686532059964428,1.8191841513844729,False,1,True,-4.53125,,neutral
en_refine,0,,9,,unknown,-0.1875,0,0.0,0.398419068980515,3.810083259148693,False,1,True,-4.53125,,neutral
en_refine,0,,10,,unknown,0.28125,0,0.0,0.4792693695060372,4.623460057272055,False,1,True,-4.53125,,neutral
en_refine,0,,11,,unknown,0.125,0,0.0,0.338326005102923,3.186490808986316,False,1,True,-4.53125,,neutral
en_refine,0,,12,,unknown,-0.03125,0,0.0,0.3401539316552132,3.118520000573641,False,1,True,-4.53125,,neutral
en_refine,0,,13,,unknown,0.15625,0,0.0,0.295649162553696,3.0252301636491,False,1,True,-4.53125,,neutral
en_refine,0,,14,,unknown,0.125,0,0.0,0.3259400341477348,3.0858558207274087,False,1,True,-4.53125,,neutral
en_refine,0,,15,,unknown,0.0625,0,0.0,0.3818104440672337,3.702531239539669,False,1,True,-4.53125,,neutral
en_refine,0,,16,,unknown,-0.03125,0,0.0,0.344052826733399,3.267619334188673,False,1,True,-4.53125,,neutral
en_refine,0,,17,,unknown,0.0,0,0.0,0.1348095281062109,1.5486473230762088,False,1,True,-4.53125,,neutral
en_refine,0,,18,,unknown,-0.15625,0,0.0,0.400789556643303,4.0885907206739045,False,1,True,-4.53125,,neutral
en_refine,0,,19,,unknown,-0.34375,0,0.0,0.4760104940024988,4.122862404370474,False,1,True,-4.53125,,neutral
en_refine,1,,0,,unknown,-0.515625,0,0.0,0.6744168377311089,8.958329495755416,False,1,True,-1.84375,,neutral
en_refine,1,,1,,unknown,0.03125,0,0.0,0.3583890113675418,5.4604338033234265,False,1,True,-1.84375,,neutral
en_refine,1,,2,,unknown,0.1328125,0,0.0,0.3054715017693612,5.079368678082116,False,1,True,-1.84375,,neutral
en_refine,1,,3,,unknown,0.03125,0,0.0,0.3627080145743208,5.260587048051865,False,1,True,-1.84375,,neutral
en_refine,1,,4,,unknown,-0.0234375,0,0.0,0.3531482350843389,5.097216768523876,False,1,True,-1.84375,,neutral
en_refine,1,,5,,unknown,-0.125,0,0.0,0.374387974996371,5.994750662509129,False,1,True,-1.84375,,neutral
en_refine,1,,6,,unknown,-0.1015625,0,0.0,0.2768368693171938,4.928796508138449,False,1,True,-1.84375,,neutral
en_refine,1,,7,,unknown,-0.078125,0,0.0,0.3434119335724397,5.1292700517886365,False,1,True,-1.84375,,neutral
en_refine,1,,8,,unknown,-0.0234375,0,0.0,0.4521538151904581,5.374081387264064,False,1,True,-1.84375,,neutral
en_refine,1,,9,,unknown,-0.859375,0,0.0,0.5662090572771477,7.840185574014684,False,1,True,-1.84375,,neutral
en_refine,1,,10,,unknown,-0.03125,0,0.0,0.2505554586423654,3.3234342954160323,False,1,True,-1.84375,,neutral
en_refine,1,,11,,unknown,0.0625,0,0.0,0.1657803144565519,2.896667990776696,False,1,True,-1.84375,,neutral
en_refine,1,,12,,unknown,-0.046875,0,0.0,0.1852239817964866,2.5785805179660857,False,1,True,-1.84375,,neutral
en_refine,1,,13,,unknown,0.109375,0,0.0,0.1680887855928233,2.531487049324148,False,1,True,-1.84375,,neutral
en_refine,1,,14,,unknown,-0.03125,0,0.0,0.3178830577112777,4.573943821569294,False,1,True,-1.84375,,neutral
en_refine,1,,15,,unknown,0.1015625,0,0.0,0.2235082129587456,3.876492150919356,False,1,True,-1.84375,,neutral
en_refine,1,,16,,unknown,-0.09375,0,0.0,0.2917979227663237,4.328461377360735,False,1,True,-1.84375,,neutral
en_refine,1,,17,,unknown,0.0234375,0,0.0,0.2438972338858557,3.9084563860934223,False,1,True,-1.84375,,neutral
en_refine,1,,18,,unknown,-0.0078125,0,0.0,0.2164511147544975,3.7565212700423496,False,1,True,-1.84375,,neutral
en_refine,1,,19,,unknown,-0.1328125,0,0.0,0.2960964017919991,4.226794273470173,False,1,True,-1.84375,,neutral
en_refine,1,,20,,unknown,0.0078125,0,0.0,0.2289103865896588,3.506894331362341,False,1,True,-1.84375,,neutral
en_refine,1,,21,,unknown,-0.0546875,0,0.0,0.2273874321403334,3.5246530725277023,False,1,True,-1.84375,,neutral
en_refine,1,,22,,unknown,0.0390625,0,0.0,0.1550078004906732,2.843362623651695,False,1,True,-1.84375,,neutral
en_refine,1,,23,,unknown,-0.125,0,0.0,0.3131848782614546,5.316816603784362,False,1,True,-1.84375,,neutral
en_refine,1,,24,,unknown,-0.1875,0,0.0,0.2795902649800797,4.422402516032327,False,1,True,-1.84375,,neutral
en_refine,1,,25,,unknown,-0.140625,0,0.0,0.3337785804004597,4.508809156064384,False,1,True,-1.84375,,neutral
en_refine,1,,26,,unknown,0.109375,0,0.0,0.35433240523387,4.586562298561934,False,1,True,-1.84375,,neutral
en_refine,1,,27,,unknown,-0.109375,0,0.0,0.3853404662456995,4.345689360153337,False,1,True,-1.84375,,neutral
en_refine,2,,0,,unknown,0.296875,0,0.0,0.624019888791798,8.498009127513814,False,1,True,-4.25,,neutral
en_refine,2,,1,,unknown,-0.65625,0,0.0,0.4630099565403214,7.705958828264063,False,1,True,-4.25,,neutral
en_refine,2,,2,,unknown,-3.375,0,0.0,0.3958625343246122,5.802433723292896,True,1,True,-4.25,,confidence-only
en_refine,2,,3,,unknown,0.625,0,0.0,0.3806371361472394,4.924953524600506,False,1,True,-4.25,,neutral
en_refine,2,,4,,unknown,-0.28125,0,0.0,0.5855380452089552,6.641170858393071,False,1,True,-4.25,,neutral
en_refine,2,,5,,unknown,-1.4375,0,0.0,0.5554526290538794,7.214987833210096,False,1,True,-4.25,,neutral
en_refine,2,,6,,unknown,-0.15625,0,0.0,0.5895865257241557,5.622331104182766,False,1,True,-4.25,,neutral
en_refine,2,,7,,unknown,-0.21875,0,0.0,0.5196484674969576,5.05910273415295,False,1,True,-4.25,,neutral
en_refine,2,,8,,unknown,-0.1875,0,0.0,0.4958173987556016,4.7905406916187925,False,1,True,-4.25,,neutral
en_refine,2,,9,,unknown,-0.1875,0,0.0,0.5115557218695326,4.663113234981586,False,1,True,-4.25,,neutral
en_refine,2,,10,,unknown,-0.09375,0,0.0,0.2571169661161595,3.1399468956185954,False,1,True,-4.25,,neutral
en_refine,2,,11,,unknown,-0.25,0,0.0,0.2096392074975172,2.316419150968044,False,1,True,-4.25,,neutral
en_refine,2,,12,,unknown,-0.21875,0,0.0,0.5073432600329552,4.586028886942929,False,1,True,-4.25,,neutral
en_refine,2,,13,,unknown,-0.34375,0,0.0,0.5017051176493678,4.775507369729418,False,1,True,-4.25,,neutral
en_refine,2,,14,,unknown,-0.09375,0,0.0,0.508854669699627,4.899635320661703,False,1,True,-4.25,,neutral
en_refine,2,,15,,unknown,-0.21875,0,0.0,0.5265038281400687,5.061219372856036,False,1,True,-4.25,,neutral
en_refine,2,,16,,unknown,-0.1875,0,0.0,0.5184606253669514,4.15677401369032,False,1,True,-4.25,,neutral
en_refine,2,,17,,unknown,0.28125,0,0.0,0.6208467405544911,5.032249026741524,False,1,True,-4.25,,neutral
en_refine,2,,18,,unknown,0.0625,0,0.0,0.595914228855897,4.4281603129101335,False,1,True,-4.25,,neutral
en_refine,2,,19,,unknown,0.03125,0,0.0,0.5961763670570225,4.662496659736601,False,1,True,-4.25,,neutral
en_refine,2,,20,,unknown,-0.125,0,0.0,0.1847256206833981,1.8621992058821208,False,1,True,-4.25,,neutral
en_refine,2,,21,,unknown,-0.3125,0,0.0,0.6082884519940771,4.877790453104524,False,1,True,-4.25,,neutral
en_refine,2,,22,,unknown,-0.21875,0,0.0,0.6258101803384494,4.845431135852484,False,1,True,-4.25,,neutral
en_refine,2,,23,,unknown,0.0,0,0.0,0.6309071708373838,5.028803152409683,False,1,True,-4.25,,neutral
en_refine,2,,24,,unknown,-0.1875,0,0.0,0.4786817368003788,4.871803814684697,False,1,True,-4.25,,neutral
en_refine,2,,25,,unknown,-0.21875,0,0.0,0.3289734404646172,3.4200489881933955,False,1,True,-4.25,,neutral
en_refine,2,,26,,unknown,-0.25,0,0.0,0.279901420676471,3.512020112769937,False,1,True,-4.25,,neutral
en_refine,2,,27,,unknown,-0.21875,0,0.0,0.3234233037390213,3.6677536475051817,False,1,True,-4.25,,neutral
en_refine,2,,28,,unknown,0.0625,0,0.0,0.3177067213889478,3.541159312097404,False,1,True,-4.25,,neutral
en_refine,2,,29,,unknown,-0.03125,0,0.0,0.4232314255687871,5.2416781399030405,False,1,True,-4.25,,neutral
en_refine,3,,0,,unknown,-2.25390625,0,0.0,2.3160275340395327,15.10692599212704,True,1,True,-0.90234375,,confidence-only
en_refine,3,,1,,unknown,-0.62890625,0,0.0,1.315969874028283,10.61761022074434,False,1,True,-0.90234375,,neutral
en_refine,3,,2,,unknown,-0.30859375,0,0.0,0.8600217245367683,8.212814339754607,False,1,True,-0.90234375,,neutral
en_refine,3,,3,,unknown,-0.01171875,0,0.0,0.7092464023346516,6.303019715420219,False,1,True,-0.90234375,,neutral
en_refine,3,,4,,unknown,-0.03515625,0,0.0,0.8362814999457681,7.360177704840938,False,1,True,-0.90234375,,neutral
en_refine,3,,5,,unknown,-0.03515625,0,0.0,0.7166579896066169,6.550008721606908,False,1,True,-0.90234375,,neutral
en_refine,3,,6,,unknown,-0.0703125,0,0.0,0.7503810651985761,6.909385903402128,False,1,True,-0.90234375,,neutral
en_refine,3,,7,,unknown,-0.078125,0,0.0,0.5647031489406499,5.455972925482533,False,1,True,-0.90234375,,neutral
en_refine,3,,8,,unknown,-0.08203125,0,0.0,0.560928339115674,5.445946715707089,False,1,True,-0.90234375,,neutral
en_refine,3,,9,,unknown,-0.0703125,0,0.0,0.5125907327604854,4.819462140144639,False,1,True,-0.90234375,,neutral
en_refine,3,,10,,unknown,-0.07421875,0,0.0,0.5862490521204173,5.489451309060974,False,1,True,-0.90234375,,neutral
en_refine,3,,11,,unknown,-0.10546875,0,0.0,0.5646006001245092,5.356366432204806,False,1,True,-0.90234375,,neutral
en_refine,3,,12,,unknown,-0.0859375,0,0.0,0.5792776501795526,5.595833695280104,False,1,True,-0.90234375,,neutral
en_refine,3,,13,,unknown,-0.09375,0,0.0,0.4804707709905812,4.618702766527608,False,1,True,-0.90234375,,neutral
en_refine,3,,14,,unknown,-0.14453125,0,0.0,0.562307159162377,5.706389148777855,False,1,True,-0.90234375,,neutral
en_refine,3,,15,,unknown,-0.14453125,0,0.0,0.663306170200795,7.21351519508965,False,1,True,-0.90234375,,neutral
en_refine,3,,16,,unknown,-0.18359375,0,0.0,0.6136445145155534,6.114893291036823,False,1,True,-0.90234375,,neutral
en_refine,3,,17,,unknown,-0.01171875,0,0.0,0.3105119673754859,3.5581204485449143,False,1,True,-0.90234375,,neutral
en_refine,3,,18,,unknown,-0.0234375,0,0.0,0.3723513950025741,3.561311349821724,False,1,True,-0.90234375,,neutral
en_refine,3,,19,,unknown,0.01953125,0,0.0,0.3395474120204715,3.884384763300028,False,1,True,-0.90234375,,neutral
en_refine,3,,20,,unknown,-0.11328125,0,0.0,0.3510562549949991,4.712810145365334,False,1,True,-0.90234375,,neutral
en_refine,3,,21,,unknown,-0.015625,0,0.0,0.4014872633829427,4.681247165671229,False,1,True,-0.90234375,,neutral
en_refine,4,,0,,unknown,-0.15625,0,0.0,0.979111858360049,10.338189385738788,False,1,True,-2.34375,,neutral
en_refine,4,,1,,unknown,-0.328125,0,0.0,0.5157931682045673,7.642702284115462,False,1,True,-2.34375,,neutral
en_refine,4,,2,,unknown,-0.296875,0,0.0,0.4685936277376426,6.176471764576966,False,1,True,-2.34375,,neutral
en_refine,4,,3,,unknown,-0.1875,0,0.0,0.3694436610376281,4.806628172623149,False,1,True,-2.34375,,neutral
en_refine,4,,4,,unknown,-0.125,0,0.0,0.3451420612749941,4.797680174447373,False,1,True,-2.34375,,neutral
en_refine,4,,5,,unknown,-0.0625,0,0.0,0.2699250940991701,3.781791980711644,False,1,True,-2.34375,,neutral
en_refine,4,,6,,unknown,-0.03125,0,0.0,0.3157915575741166,4.210498987543902,False,1,True,-2.34375,,neutral
en_refine,4,,7,,unknown,-0.03125,0,0.0,0.3121372376750331,3.833692519403384,False,1,True,-2.34375,,neutral
en_refine,4,,8,,unknown,-0.0625,0,0.0,0.1701504283712732,2.771031514321255,False,1,True,-2.34375,,neutral
en_refine,4,,9,,unknown,0.03125,0,0.0,0.1396871981918354,2.128896633638324,False,1,True,-2.34375,,neutral
en_refine,4,,10,,unknown,0.0625,0,0.0,0.1413159815335604,2.311388038910483,False,1,True,-2.34375,,neutral
en_refine,4,,11,,unknown,-0.203125,0,0.0,0.3424295582862494,4.6326958493799815,False,1,True,-2.34375,,neutral
en_refine,4,,12,,unknown,-0.265625,0,0.0,0.3403535212832367,4.50846117457706,False,1,True,-2.34375,,neutral
en_refine,4,,13,,unknown,-0.171875,0,0.0,0.3456415004481616,4.760968439683287,False,1,True,-2.34375,,neutral
en_refine,4,,14,,unknown,-0.203125,0,0.0,0.3384660995038839,4.395274487368877,False,1,True,-2.34375,,neutral
en_refine,4,,15,,unknown,-0.234375,0,0.0,0.3290074718477251,4.292559186746487,False,1,True,-2.34375,,neutral
en_refine,4,,16,,unknown,-0.15625,0,0.0,0.3239519363871266,4.164245348600139,False,1,True,-2.34375,,neutral
en_refine,4,,17,,unknown,-0.078125,0,0.0,0.3495123272085887,4.481163604161647,False,1,True,-2.34375,,neutral
en_refine,4,,18,,unknown,-0.109375,0,0.0,0.3372715442511911,4.339332417120683,False,1,True,-2.34375,,neutral
en_refine,4,,19,,unknown,-0.15625,0,0.0,0.3334475688307377,4.26459097646187,False,1,True,-2.34375,,neutral
en_refine,4,,20,,unknown,-0.09375,0,0.0,0.442617036710525,5.179286373405619,False,1,True,-2.34375,,neutral
en_refine,4,,21,,unknown,0.03125,0,0.0,0.4040019980104541,4.948934358597678,False,1,True,-2.34375,,neutral
en_refine,4,,22,,unknown,-0.234375,0,0.0,0.3704993612695157,4.552901889410676,False,1,True,-2.34375,,neutral
en_refine,4,,23,,unknown,-0.203125,0,0.0,0.3766092617001256,4.516336815548765,False,1,True,-2.34375,,neutral
en_refine,4,,24,,unknown,0.03125,0,0.0,0.3095680480768924,3.54841843157895,False,1,True,-2.34375,,neutral
en_refine,4,,25,,unknown,-0.03125,0,0.0,0.3726702268714547,4.512983937939612,False,1,True,-2.34375,,neutral
en_refine,4,,26,,unknown,-0.1875,0,0.0,0.3512627266414738,4.253877984310559,False,1,True,-2.34375,,neutral
en_refine,4,,27,,unknown,-0.046875,0,0.0,0.3474504131267268,4.120186606325376,False,1,True,-2.34375,,neutral
en_refine,4,,28,,unknown,0.0,0,0.0,0.3505165036320729,4.2769349609339855,False,1,True,-2.34375,,neutral
en_refine,4,,29,,unknown,-0.203125,0,0.0,0.3961361162409182,4.637501545501506,False,1,True,-2.34375,,neutral
en_refine,4,,30,,unknown,0.046875,0,0.0,0.3045586597043662,3.668413823949555,False,1,True,-2.34375,,neutral
en_refine,4,,31,,unknown,-0.0625,0,0.0,0.3856089042181498,4.187735358206147,False,1,True,-2.34375,,neutral
en_refine,5,,0,,unknown,0.453125,0,0.0,0.5000110609670664,7.660643908849924,False,1,True,-1.671875,,neutral
en_refine,5,,1,,unknown,0.1953125,0,0.0,0.4210471368761029,5.2583314559759256,False,1,True,-1.671875,,neutral
en_refine,5,,2,,unknown,0.234375,0,0.0,0.3574632880668493,5.159613032590527,False,1,True,-1.671875,,neutral
en_refine,5,,3,,unknown,0.2734375,0,0.0,0.3490156733876099,4.040458747412794,False,1,True,-1.671875,,neutral
en_refine,5,,4,,unknown,0.25,0,0.0,0.3679864259194929,4.384007006748296,False,1,True,-1.671875,,neutral
en_refine,5,,5,,unknown,0.3125,0,0.0,0.34596343984879,4.705165696299689,False,1,True,-1.671875,,neutral
en_refine,5,,6,,unknown,0.1953125,0,0.0,0.3601133246906318,4.353985910308421,False,1,True,-1.671875,,neutral
en_refine,5,,7,,unknown,0.0625,0,0.0,0.2544188565480856,2.8117836864388823,False,1,True,-1.671875,,neutral
en_refine,5,,8,,unknown,0.2109375,0,0.0,0.2099722287290299,2.4935626923986014,False,1,True,-1.671875,,neutral
en_refine,5,,9,,unknown,-0.0234375,0,0.0,0.2214460298536843,4.89322493753879,False,1,True,-1.671875,,neutral
en_refine,5,,10,,unknown,0.1796875,0,0.0,0.2153686002036464,2.8140458259434884,False,1,True,-1.671875,,neutral
en_refine,5,,11,,unknown,-0.375,0,0.0,0.2968246800377262,3.95697443599438,False,1,True,-1.671875,,neutral
en_refine,5,,12,,unknown,0.2421875,0,0.0,0.3406906561999439,3.965098022461816,False,1,True,-1.671875,,neutral
en_refine,5,,13,,unknown,0.2578125,0,0.0,0.3238270661439785,4.28842808722395,False,1,True,-1.671875,,neutral
en_refine,5,,14,,unknown,0.234375,0,0.0,0.4202554855136818,4.660763585940975,False,1,True,-1.671875,,neutral
en_refine,5,,15,,unknown,0.125,0,0.0,0.3549234686050813,4.106179147485347,False,1,True,-1.671875,,neutral
en_refine,5,,16,,unknown,0.1875,0,0.0,0.3260273481163637,4.318708581786978,False,1,True,-1.671875,,neutral
en_refine,5,,17,,unknown,0.25,0,0.0,0.2226990870881965,3.422907841773072,False,1,True,-1.671875,,neutral
en_refine,5,,18,,unknown,0.265625,0,0.0,0.3008596292232945,3.940732873670868,False,1,True,-1.671875,,neutral
en_refine,5,,19,,unknown,0.1328125,0,0.0,0.173050544558009,2.1631219875904124,False,1,True,-1.671875,,neutral
en_refine,5,,20,,unknown,0.2109375,0,0.0,0.1800906058463228,2.480532050657368,False,1,True,-1.671875,,neutral
en_refine,5,,21,,unknown,0.109375,0,0.0,0.2277151631253825,3.266503653133628,False,1,True,-1.671875,,neutral
en_refine,5,,22,,unknown,0.1171875,0,0.0,0.2430800570900033,3.4384542336467754,False,1,True,-1.671875,,neutral
en_refine,5,,23,,unknown,0.0390625,0,0.0,0.3403323228510171,4.309748770942511,False,1,True,-1.671875,,neutral
en_refine,5,,24,,unknown,0.0234375,0,0.0,0.2978413292562693,3.325085583034009,False,1,True,-1.671875,,neutral
en_refine,6,,0,,unknown,-2.125,0,0.0,1.0167331025223811,8.638747657125638,True,1,True,-4.3125,,confidence-only
en_refine,6,,1,,unknown,0.0,0,0.0,0.3198514314471998,3.606097094571871,False,1,True,-4.3125,,neutral
en_refine,6,,2,,unknown,-0.0625,0,0.0,0.4682794056632063,5.580571912376295,False,1,True,-4.3125,,neutral
en_refine,6,,3,,unknown,-0.03125,0,0.0,0.4797185227264915,5.177474329749142,False,1,True,-4.3125,,neutral
en_refine,6,,4,,unknown,0.21875,0,0.0,0.4598077599265459,5.100529451446285,False,1,True,-4.3125,,neutral
en_refine,6,,5,,unknown,-0.21875,0,0.0,0.3553420619738375,5.410975013154361,False,1,True,-4.3125,,neutral
en_refine,6,,6,,unknown,0.0,0,0.0,0.3035470446536358,3.876586293259164,False,1,True,-4.3125,,neutral
en_refine,6,,7,,unknown,0.09375,0,0.0,0.2913420759944755,3.7775404099550896,False,1,True,-4.3125,,neutral
en_refine,6,,8,,unknown,0.125,0,0.0,0.3051307678621412,3.9010528111447234,False,1,True,-4.3125,,neutral
en_refine,6,,9,,unknown,-0.1875,0,0.0,0.3190617463063905,4.367536314240091,False,1,True,-4.3125,,neutral
en_refine,6,,10,,unknown,0.09375,0,0.0,0.3162708637406018,3.878834385312844,False,1,True,-4.3125,,neutral
en_refine,6,,11,,unknown,0.0625,0,0.0,0.3051574249239167,3.929433620477398,False,1,True,-4.3125,,neutral
en_refine,6,,12,,unknown,0.21875,0,0.0,0.306452980135833,3.813977416262373,False,1,True,-4.3125,,neutral
en_refine,6,,13,,unknown,0.0,0,0.0,0.3174463547698773,3.939080604682907,False,1,True,-4.3125,,neutral
en_refine,6,,14,,unknown,0.25,0,0.0,0.3055422428552014,3.888268359914586,False,1,True,-4.3125,,neutral
en_refine,6,,15,,unknown,-0.03125,0,0.0,0.3483567205562169,3.0447775724984893,False,1,True,-4.3125,,neutral
en_refine,6,,16,,unknown,-0.1875,0,0.0,0.2220364703182268,3.109482211808315,False,1,True,-4.3125,,neutral
en_refine,7,,0,,unknown,0.8125,0,0.0,0.962194465002641,13.510884436270326,False,1,True,-3.625,,neutral
en_refine,7,,1,,unknown,0.53125,0,0.0,0.4876767927103261,7.872409106018745,False,1,True,-3.625,,neutral
en_refine,7,,2,,unknown,-0.265625,0,0.0,0.4236208006848773,6.263108635635152,False,1,True,-3.625,,neutral
en_refine,7,,3,,unknown,-0.5625,0,0.0,0.3029803243138678,5.974803616640035,False,1,True,-3.625,,neutral
en_refine,7,,4,,unknown,-0.21875,0,0.0,0.3108995746007815,3.516785000578257,False,1,True,-3.625,,neutral
en_refine,7,,5,,unknown,0.5625,0,0.0,0.7097076369846483,8.599029700900065,False,1,True,-3.625,,neutral
en_refine,7,,6,,unknown,0.0,0,0.0,0.3775914173201158,6.260433837576973,False,1,True,-3.625,,neutral
en_refine,7,,7,,unknown,-0.234375,0,0.0,0.1758246154711233,3.086937613205023,False,1,True,-3.625,,neutral
en_refine,7,,8,,unknown,0.421875,0,0.0,0.2859401662166287,3.871567926868388,False,1,True,-3.625,,neutral
en_refine,7,,9,,unknown,0.078125,0,0.0,0.2954733606647987,4.124446124934308,False,1,True,-3.625,,neutral
en_refine,7,,10,,unknown,0.125,0,0.0,0.3449713829162375,4.281931873395103,False,1,True,-3.625,,neutral
en_refine,7,,11,,unknown,0.3125,0,0.0,0.2994972526524778,3.898789230049337,False,1,True,-3.625,,neutral
en_refine,7,,12,,unknown,0.25,0,0.0,0.294244639441567,3.9726942476334903,False,1,True,-3.625,,neutral
en_refine,7,,13,,unknown,0.28125,0,0.0,0.3190235836927205,4.533238119251953,False,1,True,-3.625,,neutral
en_refine,7,,14,,unknown,0.109375,0,0.0,0.2767238355129332,3.9181301580517593,False,1,True,-3.625,,neutral
en_refine,7,,15,,unknown,0.234375,0,0.0,0.2772366009316408,3.826767609583852,False,1,True,-3.625,,neutral
en_refine,7,,16,,unknown,0.125,0,0.0,0.3039394484822822,4.405891762469822,False,1,True,-3.625,,neutral
en_refine,7,,17,,unknown,0.28125,0,0.0,0.2966824075362778,4.602293912401339,False,1,True,-3.625,,neutral
en_refine,7,,18,,unknown,0.15625,0,0.0,0.3134296772105301,4.325819840212832,False,1,True,-3.625,,neutral
en_refine,7,,19,,unknown,0.140625,0,0.0,0.2773210009926276,4.027730978756504,False,1,True,-3.625,,neutral
en_refine,7,,20,,unknown,0.25,0,0.0,0.3026239525378527,3.7649909091622096,False,1,True,-3.625,,neutral
en_refine,7,,21,,unknown,0.359375,0,0.0,0.2859978636968782,3.826684478382228,False,1,True,-3.625,,neutral
en_refine,7,,22,,unknown,0.28125,0,0.0,0.2930611250722946,3.84714044075785,False,1,True,-3.625,,neutral
en_refine,7,,23,,unknown,0.390625,0,0.0,0.2887932082560708,3.856711070417527,False,1,True,-3.625,,neutral
en_refine,7,,24,,unknown,-0.078125,0,0.0,0.1734547389602354,2.362850636365426,False,1,True,-3.625,,neutral
en_refine,7,,25,,unknown,0.0,0,0.0,0.1773554231910959,2.4891918684497587,False,1,True,-3.625,,neutral
en_refine,7,,26,,unknown,-0.140625,0,0.0,0.1967993728749693,2.944548074235154,False,1,True,-3.625,,neutral
en_refine,7,,27,,unknown,-0.125,0,0.0,0.177274716868734,2.383470086053277,False,1,True,-3.625,,neutral
en_refine,7,,28,,unknown,-0.203125,0,0.0,0.1923941468476929,2.830733167309794,False,1,True,-3.625,,neutral
en_refine,7,,29,,unknown,-0.140625,0,0.0,0.2652146613781425,3.177507121522826,False,1,True,-3.625,,neutral
en_refine,8,,0,,unknown,-1.46875,0,0.0,0.8862752844719923,7.504320420901342,False,1,True,-1.28125,,neutral
en_refine,8,,1,,unknown,-0.890625,0,0.0,0.6368014319624425,5.971140452755066,False,1,True,-1.28125,,neutral
en_refine,8,,2,,unknown,0.234375,0,0.0,0.5453272091240344,5.530262060281473,False,1,True,-1.28125,,neutral
en_refine,8,,3,,unknown,0.4375,0,0.0,0.6673542205493024,6.586803655658817,False,1,True,-1.28125,,neutral
en_refine,8,,4,,unknown,0.1328125,0,0.0,0.4213618384335683,4.1245180155028285,False,1,True,-1.28125,,neutral
en_refine,8,,5,,unknown,-0.265625,0,0.0,0.4446267969861306,4.310146391384498,False,1,True,-1.28125,,neutral
en_refine,8,,6,,unknown,0.0078125,0,0.0,0.2431183084849458,2.436590395992298,False,1,True,-1.28125,,neutral
en_refine,8,,7,,unknown,0.09375,0,0.0,0.4550426327679329,4.554241748544313,False,1,True,-1.28125,,neutral
en_refine,8,,8,,unknown,0.0,0,0.0,0.3745446732760816,4.141677303757741,False,1,True,-1.28125,,neutral
en_refine,8,,9,,unknown,0.0546875,0,0.0,0.2599597096886895,3.238018123166413,False,1,True,-1.28125,,neutral
en_refine,8,,10,,unknown,0.0,0,0.0,0.3150529179154905,3.779850002054931,False,1,True,-1.28125,,neutral
en_refine,8,,11,,unknown,0.0546875,0,0.0,0.2744051079211973,3.505081938828474,False,1,True,-1.28125,,neutral
en_refine,8,,12,,unknown,0.1328125,0,0.0,0.2983800159208528,3.771670249420311,False,1,True,-1.28125,,neutral
en_refine,8,,13,,unknown,-0.0078125,0,0.0,0.3426631200103846,4.010715857496183,False,1,True,-1.28125,,neutral
en_refine,8,,14,,unknown,-0.0078125,0,0.0,0.3508096586363123,3.8799241222111984,False,1,True,-1.28125,,neutral
en_refine,8,,15,,unknown,-0.0078125,0,0.0,0.3615754221450727,3.952119237083601,False,1,True,-1.28125,,neutral
en_refine,8,,16,,unknown,0.015625,0,0.0,0.2691992962913894,2.9324198883563537,False,1,True,-1.28125,,neutral
en_refine,8,,17,,unknown,0.015625,0,0.0,0.3460978416507809,3.7493843744435376,False,1,True,-1.28125,,neutral
en_refine,8,,18,,unknown,-0.03125,0,0.0,0.3489541489920336,3.898364819774178,False,1,True,-1.28125,,neutral
en_refine,8,,19,,unknown,-0.0390625,0,0.0,0.3545139878732399,4.270234529181117,False,1,True,-1.28125,,neutral
en_refine,8,,20,,unknown,-0.0859375,0,0.0,0.3621802266270488,3.4631129143986343,False,1,True,-1.28125,,neutral
en_refine,8,,21,,unknown,-0.34375,0,0.0,0.49070163782984,4.353314275744936,False,1,True,-1.28125,,neutral
en_refine,8,,22,,unknown,-0.09375,0,0.0,0.3697282433809088,3.755666760009655,False,1,True,-1.28125,,neutral
en_refine,8,,23,,unknown,0.0,0,0.0,0.2588826149116187,2.951961111694454,False,1,True,-1.28125,,neutral
en_refine,8,,24,,unknown,0.0234375,0,0.0,0.3729361665779696,4.230375267443532,False,1,True,-1.28125,,neutral
en_refine,8,,25,,unknown,0.171875,0,0.0,0.337546403968792,3.576514780166532,False,1,True,-1.28125,,neutral
en_refine,8,,26,,unknown,0.1796875,0,0.0,0.2206352490617215,2.6374386842976,False,1,True,-1.28125,,neutral
en_refine,8,,27,,unknown,-0.0546875,0,0.0,0.2906934178986571,2.7763927238275663,False,1,True,-1.28125,,neutral
en_refine,8,,28,,unknown,-0.09375,0,0.0,0.2803613659479222,2.70322079792762,False,1,True,-1.28125,,neutral
en_refine,8,,29,,unknown,0.0859375,0,0.0,0.2456654156720531,2.661688772688043,False,1,True,-1.28125,,neutral
en_refine,8,,30,,unknown,0.0234375,0,0.0,0.2110723290921927,2.266052015137768,False,1,True,-1.28125,,neutral
en_refine,8,,31,,unknown,0.0078125,0,0.0,0.25664241098669,2.65786248682268,False,1,True,-1.28125,,neutral
en_refine,9,,0,,unknown,0.349609375,0,0.0,1.6099363387300738,8.60244408542306,False,1,True,-0.63671875,,neutral
en_refine,9,,1,,unknown,0.12890625,0,0.0,0.7523176658675196,6.453700989010569,False,1,True,-0.63671875,,neutral
en_refine,9,,2,,unknown,-0.2265625,0,0.0,0.7850648998458979,6.5115949528891806,False,1,True,-0.63671875,,neutral
en_refine,9,,3,,unknown,-0.09765625,1,0.0,0.3797071003613964,4.8251232645712765,True,1,True,-0.63671875,,fact-only
en_refine,9,,4,,unknown,0.078125,0,0.0,0.3404349906777402,4.442506781560381,False,1,True,-0.63671875,,neutral
en_refine,9,,5,,unknown,-0.11328125,0,0.0,0.4079970745532925,5.374742110552952,False,1,True,-0.63671875,,neutral
en_refine,9,,6,,unknown,-0.12890625,0,0.0,0.4244350134621787,4.9261326238459455,False,1,True,-0.63671875,,neutral
en_refine,9,,7,,unknown,-0.09375,0,0.0,0.3876554808838363,4.810425729539504,False,1,True,-0.63671875,,neutral
en_refine,9,,8,,unknown,-0.01953125,0,0.0,0.3720658748450682,4.344633362463987,False,1,True,-0.63671875,,neutral
en_refine,9,,9,,unknown,-0.05078125,0,0.0,0.3567618552820253,3.7707923266727534,False,1,True,-0.63671875,,neutral
en_refine,9,,10,,unknown,0.0546875,0,0.0,0.3327905658578367,3.982028940088843,False,1,True,-0.63671875,,neutral
en_refine,9,,11,,unknown,-0.05078125,0,0.0,0.3931257962386107,4.854430619508706,False,1,True,-0.63671875,,neutral
en_refine,9,,12,,unknown,-0.0546875,0,0.0,0.3196775960255826,3.017870651370389,False,1,True,-0.63671875,,neutral
en_refine,9,,13,,unknown,-0.13671875,0,0.0,0.3422637912088011,3.589922079149621,False,1,True,-0.63671875,,neutral
en_refine,9,,14,,unknown,0.015625,0,0.0,0.3426816332886782,3.7671979401874336,False,1,True,-0.63671875,,neutral
en_refine,9,,15,,unknown,-0.1328125,0,0.0,0.3452564800554574,4.568840689151544,False,1,True,-0.63671875,,neutral
en_refine,9,,16,,unknown,-0.1796875,0,0.0,0.3460642823592745,4.564323595196409,False,1,True,-0.63671875,,neutral
en_refine,9,,17,,unknown,-0.06640625,0,0.0,0.3734906384737126,4.502324979346303,False,1,True,-0.63671875,,neutral
en_refine,9,,18,,unknown,-0.12109375,0,0.0,0.308584594522409,2.808544915793775,False,1,True,-0.63671875,,neutral
en_refine,9,,19,,unknown,0.05078125,0,0.0,0.094402305743921,1.6253001408324028,False,1,True,-0.63671875,,neutral
en_refine,9,,20,,unknown,0.05078125,0,0.0,0.094402305743921,1.6253001408324028,False,1,True,-0.63671875,,neutral
en_refine,9,,21,,unknown,-0.05859375,0,0.0,0.343146065601654,3.4662856742695523,False,1,True,-0.63671875,,neutral
en_refine,9,,22,,unknown,0.05078125,0,0.0,0.2169383843063898,2.710200615561639,False,1,True,-0.63671875,,neutral
en_refine,9,,23,,unknown,0.05078125,0,0.0,0.2169383843063898,2.710200615561639,False,1,True,-0.63671875,,neutral
en_refine,9,,24,,unknown,0.04296875,0,0.0,0.3303015074062809,4.000156158147304,False,1,True,-0.63671875,,neutral
en_refine,9,,25,,unknown,-0.28515625,0,0.0,0.3614658184001391,4.897897686280804,False,1,True,-0.63671875,,neutral
en_refine,9,,26,,unknown,0.03125,0,0.0,0.1054283426484043,1.7243267112659588,False,1,True,-0.63671875,,neutral
en_refine,9,,27,,unknown,0.03125,0,0.0,0.1054283426484043,1.7243267112659588,False,1,True,-0.63671875,,neutral
en_refine,9,,28,,unknown,-0.0234375,0,0.0,0.1678447742925068,2.030796573734992,False,1,True,-0.63671875,,neutral
en_refine,9,,29,,unknown,0.0234375,0,0.0,0.1087753347069151,1.7431130609289855,False,1,True,-0.63671875,,neutral
en_refine,9,,30,,unknown,0.0078125,0,0.0,0.2128424509499375,2.479751654624133,False,1,True,-0.63671875,,neutral
en_refine,9,,31,,unknown,0.01171875,0,0.0,0.2169203001836391,2.9057193635813827,False,1,True,-0.63671875,,neutral
en_refine,9,,32,,unknown,-0.01953125,0,0.0,0.1913464472761955,2.522148342659269,False,1,True,-0.63671875,,neutral
en_refine,9,,33,,unknown,-0.015625,0,0.0,0.1946627695037167,2.706455917147565,False,1,True,-0.63671875,,neutral
en_refine,9,,34,,unknown,-0.0234375,0,0.0,0.2438135710870457,2.9249559816144943,False,1,True,-0.63671875,,neutral
en_refine,9,,35,,unknown,-0.05078125,0,0.0,0.2789050434203857,2.980562304722654,False,1,True,-0.63671875,,neutral
en_refine,9,,36,,unknown,-0.04296875,0,0.0,0.1799628859903694,2.4364631974688877,False,1,True,-0.63671875,,neutral
en_refine,9,,37,,unknown,-0.0703125,0,0.0,0.242137379229253,3.1082072225813824,False,1,True,-0.63671875,,neutral
en_refine,9,,38,,unknown,0.0625,0,0.0,0.220703821143041,2.834491942669449,False,1,True,-0.63671875,,neutral
